article,timestamp,cm_price,ct_price,target
"Boseiju, Who Endures (V.1) (XNEO)",2025-07-25T02:18:33.724471,74.99,66.26,65.00
"Otawara, Soaring City (V.1) (XNEO)",2025-07-25T02:18:33.724471,41.95,49.27,38.00
Bojuka Bog (SLDE24),2025-07-25T02:18:33.724471,15.00,23.39,20.00
Six (V.1) (XMH3),2025-07-25T02:18:33.724471,14.99,19.25,14.00
Tireless Tracker (SPG),2025-07-25T02:18:33.724471,15.99,13.22,16.00
Beast Within (SLDOS),2025-07-25T02:18:33.724471,16.00,25.84,16.00
"Boseiju, Who Endures (V.1) (XNEO)",2025-07-25T02:20:46.927924,74.99,66.26,65.00
"Otawara, Soaring City (V.1) (XNEO)",2025-07-25T02:20:46.927924,41.95,49.27,38.00
Bojuka Bog (SLDE24),2025-07-25T02:20:46.927924,15.00,23.39,20.00
Six (V.1) (XMH3),2025-07-25T02:20:46.927924,14.99,19.25,14.00
Tireless Tracker (SPG),2025-07-25T02:20:46.927924,15.99,13.22,16.00
Beast Within (SLDOS),2025-07-25T02:20:46.927924,16.00,25.84,16.00
"Boseiju, Who Endures (V.1) (XNEO)",2025-07-25T02:26:17.321082,74.99,66.26,65.00
"Otawara, Soaring City (V.1) (XNEO)",2025-07-25T02:26:17.321082,41.95,49.27,38.00
Bojuka Bog (SLDE24),2025-07-25T02:26:17.321082,15.00,23.39,20.00
Six (V.1) (XMH3),2025-07-25T02:26:17.321082,14.99,19.25,14.00
Tireless Tracker (SPG),2025-07-25T02:26:17.321082,15.99,13.22,16.00
Beast Within (SLDOS),2025-07-25T02:26:17.321082,16.00,25.84,16.00
"Boseiju, Who Endures (V.1) (XNEO)",2025-07-25T02:31:08.306607,74.99,66.26,65.00
"Otawara, Soaring City (V.1) (XNEO)",2025-07-25T02:31:08.306607,41.95,49.27,38.00
Bojuka Bog (SLDE24),2025-07-25T02:31:08.306607,15.00,23.39,20.00
Six (V.1) (XMH3),2025-07-25T02:31:08.306607,14.99,19.25,14.00
Tireless Tracker (SPG),2025-07-25T02:31:08.306607,15.99,13.22,16.00
Beast Within (SLDOS),2025-07-25T02:31:08.306607,16.00,25.84,16.00
"Boseiju, Who Endures (V.1) (XNEO)",2025-07-25T02:33:40.250970,74.99,66.26,65.00
"Otawara, Soaring City (V.1) (XNEO)",2025-07-25T02:33:40.250970,41.95,49.27,38.00
Bojuka Bog (SLDE24),2025-07-25T02:33:40.250970,15.00,23.39,20.00
Six (V.1) (XMH3),2025-07-25T02:33:40.250970,14.99,19.25,14.00
Tireless Tracker (SPG),2025-07-25T02:33:40.250970,15.99,13.22,16.00
Beast Within (SLDOS),2025-07-25T02:33:40.250970,16.00,25.84,16.00
"Boseiju, Who Endures (V.1) (XNEO)",2025-07-25T02:37:10.123095,74.99,66.26,65.00
"Otawara, Soaring City (V.1) (XNEO)",2025-07-25T02:37:10.123095,41.95,49.27,38.00
Bojuka Bog (SLDE24),2025-07-25T02:37:10.123095,15.00,23.39,20.00
Six (V.1) (XMH3),2025-07-25T02:37:10.123095,14.99,19.25,14.00
Tireless Tracker (SPG),2025-07-25T02:37:10.123095,15.99,13.22,16.00
Beast Within (SLDOS),2025-07-25T02:37:10.123095,16.00,25.84,16.00
"Boseiju, Who Endures (V.1) (XNEO)",2025-07-25T02:39:19.001738,74.99,66.26,65.00
"Otawara, Soaring City (V.1) (XNEO)",2025-07-25T02:39:19.001738,41.95,49.27,38.00
Bojuka Bog (SLDE24),2025-07-25T02:39:19.001738,15.00,23.39,20.00
Six (V.1) (XMH3),2025-07-25T02:39:19.001738,14.99,19.25,14.00
Tireless Tracker (SPG),2025-07-25T02:39:19.001738,15.99,13.22,16.00
Beast Within (SLDOS),2025-07-25T02:39:19.001738,16.00,25.84,16.00
"Boseiju, Who Endures (V.1) (XNEO)",2025-07-25T02:44:23.935460,74.99,66.26,65.00
"Otawara, Soaring City (V.1) (XNEO)",2025-07-25T02:44:23.935460,41.95,49.27,38.00
Bojuka Bog (SLDE24),2025-07-25T02:44:23.935460,15.00,23.39,20.00
Six (V.1) (XMH3),2025-07-25T02:44:23.935460,14.99,19.25,14.00
Tireless Tracker (SPG),2025-07-25T02:44:23.935460,15.99,13.22,16.00
Beast Within (SLDOS),2025-07-25T02:44:23.935460,16.00,25.84,16.00
"Boseiju, Who Endures (V.1) (XNEO)",2025-07-25T02:47:42.112526,74.99,66.26,65.00
"Otawara, Soaring City (V.1) (XNEO)",2025-07-25T02:47:42.112526,41.95,49.27,38.00
Bojuka Bog (SLDE24),2025-07-25T02:47:42.112526,15.00,23.39,20.00
Six (V.1) (XMH3),2025-07-25T02:47:42.112526,14.99,19.25,14.00
Tireless Tracker (SPG),2025-07-25T02:47:42.112526,15.99,13.22,16.00
Beast Within (SLDOS),2025-07-25T02:47:42.112526,16.00,25.84,16.00
"Boseiju, Who Endures (V.1) (XNEO)",2025-07-25T03:01:34.956734,74.99,66.26,65.00
"Otawara, Soaring City (V.1) (XNEO)",2025-07-25T03:01:34.956734,41.95,49.27,38.00
Bojuka Bog (SLDE24),2025-07-25T03:01:34.956734,15.00,23.39,20.00
Six (V.1) (XMH3),2025-07-25T03:01:34.956734,14.99,19.25,14.00
Tireless Tracker (SPG),2025-07-25T03:01:34.956734,15.99,13.22,16.00
Beast Within (SLDOS),2025-07-25T03:01:34.956734,16.00,25.84,16.00
"Boseiju, Who Endures (V.1) (XNEO)",2025-07-25T03:11:35.816406,74.99,66.26,65.00
"Otawara, Soaring City (V.1) (XNEO)",2025-07-25T03:11:35.816406,41.95,49.27,38.00
Bojuka Bog (SLDE24),2025-07-25T03:11:35.816406,15.00,23.39,20.00
Six (V.1) (XMH3),2025-07-25T03:11:35.816406,14.99,19.25,14.00
Tireless Tracker (SPG),2025-07-25T03:11:35.816406,15.99,13.22,16.00
Beast Within (SLDOS),2025-07-25T03:11:35.816406,16.00,25.84,16.00
"Boseiju, Who Endures (V.1) (XNEO)",2025-07-25T03:15:57.322243,74.99,66.26,65.00
"Otawara, Soaring City (V.1) (XNEO)",2025-07-25T03:15:57.322243,41.95,49.27,38.00
Bojuka Bog (SLDE24),2025-07-25T03:15:57.322243,15.00,23.39,20.00
Six (V.1) (XMH3),2025-07-25T03:15:57.322243,14.99,19.25,14.00
Tireless Tracker (SPG),2025-07-25T03:15:57.322243,15.99,13.22,16.00
Beast Within (SLDOS),2025-07-25T03:15:57.322243,16.00,25.84,16.00
"Boseiju, Who Endures (V.1) (XNEO)",2025-07-25T03:18:15.673979,74.99,66.26,65.00
"Otawara, Soaring City (V.1) (XNEO)",2025-07-25T03:18:15.673979,41.95,49.27,38.00
Bojuka Bog (SLDE24),2025-07-25T03:18:15.673979,15.00,23.39,20.00
Six (V.1) (XMH3),2025-07-25T03:18:15.673979,14.99,19.25,14.00
Tireless Tracker (SPG),2025-07-25T03:18:15.673979,15.99,13.22,16.00
Beast Within (SLDOS),2025-07-25T03:18:15.673979,16.00,25.84,16.00
"Boseiju, Who Endures (V.1) (XNEO)",2025-07-25T03:21:21.620668,74.99,66.26,65.00
"Otawara, Soaring City (V.1) (XNEO)",2025-07-25T03:21:21.620668,41.95,49.27,38.00
Bojuka Bog (SLDE24),2025-07-25T03:21:21.620668,15.00,23.39,20.00
Six (V.1) (XMH3),2025-07-25T03:21:21.620668,14.99,19.25,14.00
Tireless Tracker (SPG),2025-07-25T03:21:21.620668,15.99,13.22,16.00
Beast Within (SLDOS),2025-07-25T03:21:21.620668,16.00,25.84,16.00
"Boseiju, Who Endures (V.1) (XNEO)",2025-07-25T03:23:13.959514,74.99,66.26,65.00
"Otawara, Soaring City (V.1) (XNEO)",2025-07-25T03:23:13.959514,41.95,49.27,38.00
Bojuka Bog (SLDE24),2025-07-25T03:23:13.959514,15.00,23.39,20.00
Six (V.1) (XMH3),2025-07-25T03:23:13.959514,14.99,19.25,14.00
Tireless Tracker (SPG),2025-07-25T03:23:13.959514,15.99,13.22,16.00
Beast Within (SLDOS),2025-07-25T03:23:13.959514,16.00,25.84,16.00
"Boseiju, Who Endures (V.1) (XNEO)",2025-07-25T03:27:32.060915,74.99,66.26,65.00
"Otawara, Soaring City (V.1) (XNEO)",2025-07-25T03:27:32.060915,41.95,49.27,38.00
Bojuka Bog (SLDE24),2025-07-25T03:27:32.060915,15.00,23.39,20.00
Six (V.1) (XMH3),2025-07-25T03:27:32.060915,14.99,19.25,14.00
Tireless Tracker (SPG),2025-07-25T03:27:32.060915,15.99,13.22,16.00
Beast Within (SLDOS),2025-07-25T03:27:32.060915,16.00,25.84,16.00
"Boseiju, Who Endures (V.1) (XNEO)",2025-07-25T03:36:37.536191,74.99,66.26,65.00
"Otawara, Soaring City (V.1) (XNEO)",2025-07-25T03:36:37.536191,41.95,49.27,38.00
Bojuka Bog (SLDE24),2025-07-25T03:36:37.536191,15.00,23.39,20.00
Six (V.1) (XMH3),2025-07-25T03:36:37.536191,14.99,19.25,14.00
Tireless Tracker (SPG),2025-07-25T03:36:37.536191,15.99,13.22,16.00
Beast Within (SLDOS),2025-07-25T03:36:37.536191,16.00,25.84,16.00
"Boseiju, Who Endures (V.1) (XNEO)",2025-07-25T03:51:37.574388,74.99,66.26,65.00
"Otawara, Soaring City (V.1) (XNEO)",2025-07-25T03:51:37.574388,41.95,49.27,38.00
Bojuka Bog (SLDE24),2025-07-25T03:51:37.574388,15.00,23.39,20.00
Six (V.1) (XMH3),2025-07-25T03:51:37.574388,14.99,19.25,14.00
Tireless Tracker (SPG),2025-07-25T03:51:37.574388,15.99,13.22,16.00
Beast Within (SLDOS),2025-07-25T03:51:37.574388,16.00,25.84,16.00
"Boseiju, Who Endures (V.1) (XNEO)",2025-07-25T04:06:37.232837,74.99,66.26,65.00
"Otawara, Soaring City (V.1) (XNEO)",2025-07-25T04:06:37.232837,41.95,49.27,38.00
Bojuka Bog (SLDE24),2025-07-25T04:06:37.232837,15.00,23.39,20.00
Six (V.1) (XMH3),2025-07-25T04:06:37.232837,14.99,19.25,14.00
Tireless Tracker (SPG),2025-07-25T04:06:37.232837,15.99,13.22,16.00
Beast Within (SLDOS),2025-07-25T04:06:37.232837,18.50,25.84,16.00
"Boseiju, Who Endures (V.1) (XNEO)",2025-07-25T04:21:36.964907,74.99,66.26,65.00
"Otawara, Soaring City (V.1) (XNEO)",2025-07-25T04:21:36.964907,41.95,49.27,38.00
Bojuka Bog (SLDE24),2025-07-25T04:21:36.964907,15.00,23.39,20.00
Six (V.1) (XMH3),2025-07-25T04:21:36.964907,14.99,19.25,14.00
Tireless Tracker (SPG),2025-07-25T04:21:36.964907,15.99,13.22,16.00
Beast Within (SLDOS),2025-07-25T04:21:36.964907,18.50,25.84,16.00
"Boseiju, Who Endures (V.1) (XNEO)",2025-07-25T04:36:37.380069,74.99,66.26,65.00
"Otawara, Soaring City (V.1) (XNEO)",2025-07-25T04:36:37.380069,41.95,49.27,38.00
Bojuka Bog (SLDE24),2025-07-25T04:36:37.380069,15.00,23.39,20.00
Six (V.1) (XMH3),2025-07-25T04:36:37.380069,14.99,19.25,14.00
Tireless Tracker (SPG),2025-07-25T04:36:37.380069,15.99,13.22,16.00
Beast Within (SLDOS),2025-07-25T04:36:37.380069,18.50,25.84,16.00
"Boseiju, Who Endures (V.1) (XNEO)",2025-07-25T04:51:37.320873,74.99,66.26,65.00
"Otawara, Soaring City (V.1) (XNEO)",2025-07-25T04:51:37.320873,41.95,49.27,38.00
Bojuka Bog (SLDE24),2025-07-25T04:51:37.320873,15.00,23.39,20.00
Six (V.1) (XMH3),2025-07-25T04:51:37.320873,14.99,19.25,14.00
Tireless Tracker (SPG),2025-07-25T04:51:37.320873,15.99,13.22,16.00
Beast Within (SLDOS),2025-07-25T04:51:37.320873,18.50,25.84,16.00
"Boseiju, Who Endures (V.1) (XNEO)",2025-07-25T05:06:36.808629,74.99,66.26,65.00
"Otawara, Soaring City (V.1) (XNEO)",2025-07-25T05:06:36.808629,41.95,49.27,38.00
Bojuka Bog (SLDE24),2025-07-25T05:06:36.808629,15.00,23.39,20.00
Six (V.1) (XMH3),2025-07-25T05:06:36.808629,14.99,19.25,14.00
Tireless Tracker (SPG),2025-07-25T05:06:36.808629,15.99,13.22,16.00
Beast Within (SLDOS),2025-07-25T05:06:36.808629,18.50,25.84,16.00
"Boseiju, Who Endures (V.1) (XNEO)",2025-07-25T05:21:37.483030,74.99,66.26,65.00
"Otawara, Soaring City (V.1) (XNEO)",2025-07-25T05:21:37.483030,41.95,49.27,38.00
Bojuka Bog (SLDE24),2025-07-25T05:21:37.483030,15.00,23.39,20.00
Six (V.1) (XMH3),2025-07-25T05:21:37.483030,14.99,19.25,14.00
Tireless Tracker (SPG),2025-07-25T05:21:37.483030,15.99,13.22,16.00
Beast Within (SLDOS),2025-07-25T05:21:37.483030,18.50,25.84,16.00
"Boseiju, Who Endures (V.1) (XNEO)",2025-07-25T05:36:37.352646,74.99,66.26,65.00
"Otawara, Soaring City (V.1) (XNEO)",2025-07-25T05:36:37.352646,41.95,49.27,38.00
Bojuka Bog (SLDE24),2025-07-25T05:36:37.352646,15.00,23.39,20.00
Six (V.1) (XMH3),2025-07-25T05:36:37.352646,14.99,19.25,14.00
Tireless Tracker (SPG),2025-07-25T05:36:37.352646,15.99,13.22,16.00
Beast Within (SLDOS),2025-07-25T05:36:37.352646,18.50,25.84,16.00
"Boseiju, Who Endures (V.1) (XNEO)",2025-07-25T05:51:37.013183,74.99,66.26,65.00
"Otawara, Soaring City (V.1) (XNEO)",2025-07-25T05:51:37.013183,41.95,49.27,38.00
Bojuka Bog (SLDE24),2025-07-25T05:51:37.013183,15.00,23.39,20.00
Six (V.1) (XMH3),2025-07-25T05:51:37.013183,14.99,19.25,14.00
Tireless Tracker (SPG),2025-07-25T05:51:37.013183,15.99,13.22,16.00
Beast Within (SLDOS),2025-07-25T05:51:37.013183,18.50,25.84,16.00
"Boseiju, Who Endures (V.1) (XNEO)",2025-07-25T06:06:37.028739,74.99,66.26,65.00
"Otawara, Soaring City (V.1) (XNEO)",2025-07-25T06:06:37.028739,41.95,49.27,38.00
Bojuka Bog (SLDE24),2025-07-25T06:06:37.028739,15.00,23.39,20.00
Six (V.1) (XMH3),2025-07-25T06:06:37.028739,14.99,19.25,14.00
Tireless Tracker (SPG),2025-07-25T06:06:37.028739,15.99,13.22,16.00
Beast Within (SLDOS),2025-07-25T06:06:37.028739,18.50,25.84,16.00
"Boseiju, Who Endures (V.1) (XNEO)",2025-07-25T06:17:16.711000,74.99,66.26,65.00
"Otawara, Soaring City (V.1) (XNEO)",2025-07-25T06:17:16.711000,41.95,49.27,38.00
Bojuka Bog (SLDE24),2025-07-25T06:17:16.711000,15.00,23.39,20.00
Six (V.1) (XMH3),2025-07-25T06:17:16.711000,14.99,19.25,14.00
Tireless Tracker (SPG),2025-07-25T06:17:16.711000,15.99,13.22,16.00
Beast Within (SLDOS),2025-07-25T06:17:16.711000,18.50,25.84,16.00
"Boseiju, Who Endures (V.1) (XNEO)",2025-07-25T06:21:36.998944,74.99,66.26,65.00
"Otawara, Soaring City (V.1) (XNEO)",2025-07-25T06:21:36.998944,41.95,49.27,38.00
Bojuka Bog (SLDE24),2025-07-25T06:21:36.998944,15.00,23.39,20.00
Six (V.1) (XMH3),2025-07-25T06:21:36.998944,14.99,19.25,14.00
Tireless Tracker (SPG),2025-07-25T06:21:36.998944,15.99,13.22,16.00
"Boseiju, Who Endures (V.1) (XNEO)",2025-07-25T06:22:09.705016,74.99,66.26,65.00
Beast Within (SLDOS),2025-07-25T06:21:36.998944,18.50,25.84,16.00
"Otawara, Soaring City (V.1) (XNEO)",2025-07-25T06:22:09.705016,41.95,49.27,38.00
Bojuka Bog (SLDE24),2025-07-25T06:22:09.705016,15.00,23.39,20.00
Six (V.1) (XMH3),2025-07-25T06:22:09.705016,14.99,19.25,14.00
Tireless Tracker (SPG),2025-07-25T06:22:09.705016,15.99,13.22,16.00
Beast Within (SLDOS),2025-07-25T06:22:09.705016,18.50,25.84,16.00
"Boseiju, Who Endures (V.1) (XNEO)",2025-07-25T06:36:37.601782,74.99,66.26,65.00
"Otawara, Soaring City (V.1) (XNEO)",2025-07-25T06:36:37.601782,41.95,49.27,38.00
Bojuka Bog (SLDE24),2025-07-25T06:36:37.601782,15.00,23.39,20.00
Six (V.1) (XMH3),2025-07-25T06:36:37.601782,14.99,19.25,14.00
Tireless Tracker (SPG),2025-07-25T06:36:37.601782,15.99,13.22,16.00
Beast Within (SLDOS),2025-07-25T06:36:37.601782,18.50,25.84,16.00
"Boseiju, Who Endures (V.1) (XNEO)",2025-07-25T06:51:37.399276,74.99,66.26,65.00
"Otawara, Soaring City (V.1) (XNEO)",2025-07-25T06:51:37.399276,41.95,49.27,38.00
Bojuka Bog (SLDE24),2025-07-25T06:51:37.399276,15.00,23.39,20.00
Six (V.1) (XMH3),2025-07-25T06:51:37.399276,14.99,19.25,14.00
Tireless Tracker (SPG),2025-07-25T06:51:37.399276,15.99,13.22,16.00
Beast Within (SLDOS),2025-07-25T06:51:37.399276,18.50,25.84,16.00
"Boseiju, Who Endures (V.1) (XNEO)",2025-07-25T07:06:38.245507,74.99,66.26,65.00
"Otawara, Soaring City (V.1) (XNEO)",2025-07-25T07:06:38.245507,41.95,49.27,38.00
Bojuka Bog (SLDE24),2025-07-25T07:06:38.245507,15.00,23.39,20.00
Six (V.1) (XMH3),2025-07-25T07:06:38.245507,14.99,19.25,14.00
Tireless Tracker (SPG),2025-07-25T07:06:38.245507,15.99,13.22,16.00
Beast Within (SLDOS),2025-07-25T07:06:38.245507,18.50,25.84,16.00
"Boseiju, Who Endures (V.1) (XNEO)",2025-07-25T07:21:37.869900,74.99,66.26,65.00
"Otawara, Soaring City (V.1) (XNEO)",2025-07-25T07:21:37.869900,41.95,49.27,38.00
Bojuka Bog (SLDE24),2025-07-25T07:21:37.869900,15.00,23.39,20.00
Six (V.1) (XMH3),2025-07-25T07:21:37.869900,14.99,19.25,14.00
Tireless Tracker (SPG),2025-07-25T07:21:37.869900,15.99,13.22,16.00
Beast Within (SLDOS),2025-07-25T07:21:37.869900,18.50,25.84,16.00
"Boseiju, Who Endures (V.1) (XNEO)",2025-07-25T07:36:37.365528,74.99,66.26,65.00
"Otawara, Soaring City (V.1) (XNEO)",2025-07-25T07:36:37.365528,41.95,49.27,38.00
Bojuka Bog (SLDE24),2025-07-25T07:36:37.365528,15.00,23.39,20.00
Six (V.1) (XMH3),2025-07-25T07:36:37.365528,14.99,19.25,14.00
Tireless Tracker (SPG),2025-07-25T07:36:37.365528,15.99,13.22,16.00
Beast Within (SLDOS),2025-07-25T07:36:37.365528,18.50,25.84,16.00
"Boseiju, Who Endures (V.1) (XNEO)",2025-07-25T07:51:37.152724,74.99,66.26,65.00
"Otawara, Soaring City (V.1) (XNEO)",2025-07-25T07:51:37.152724,41.95,49.27,38.00
Bojuka Bog (SLDE24),2025-07-25T07:51:37.152724,15.00,23.39,20.00
Six (V.1) (XMH3),2025-07-25T07:51:37.152724,14.99,19.25,14.00
Tireless Tracker (SPG),2025-07-25T07:51:37.152724,15.99,13.22,16.00
Beast Within (SLDOS),2025-07-25T07:51:37.152724,18.50,25.84,16.00
"Boseiju, Who Endures (V.1) (XNEO)",2025-07-25T08:06:37.876392,74.99,66.26,65.00
"Otawara, Soaring City (V.1) (XNEO)",2025-07-25T08:06:37.876392,41.95,49.27,38.00
Bojuka Bog (SLDE24),2025-07-25T08:06:37.876392,15.00,23.39,20.00
Six (V.1) (XMH3),2025-07-25T08:06:37.876392,14.99,19.25,14.00
Tireless Tracker (SPG),2025-07-25T08:06:37.876392,15.99,13.22,16.00
Beast Within (SLDOS),2025-07-25T08:06:37.876392,18.50,25.84,16.00
"Boseiju, Who Endures (V.1) (XNEO)",2025-07-25T08:21:37.422409,74.99,66.26,65.00
"Otawara, Soaring City (V.1) (XNEO)",2025-07-25T08:21:37.422409,41.95,49.27,38.00
Bojuka Bog (SLDE24),2025-07-25T08:21:37.422409,15.00,23.39,20.00
Six (V.1) (XMH3),2025-07-25T08:21:37.422409,14.99,19.25,14.00
Tireless Tracker (SPG),2025-07-25T08:21:37.422409,15.99,13.22,16.00
Beast Within (SLDOS),2025-07-25T08:21:37.422409,18.50,25.84,16.00
"Boseiju, Who Endures (V.1) (XNEO)",2025-07-25T08:36:39.637356,74.99,66.26,65.00
"Otawara, Soaring City (V.1) (XNEO)",2025-07-25T08:36:39.637356,41.95,49.27,38.00
Bojuka Bog (SLDE24),2025-07-25T08:36:39.637356,15.00,23.39,20.00
Six (V.1) (XMH3),2025-07-25T08:36:39.637356,14.99,19.25,14.00
Tireless Tracker (SPG),2025-07-25T08:36:39.637356,15.99,13.22,16.00
Beast Within (SLDOS),2025-07-25T08:36:39.637356,18.50,25.84,16.00
"Boseiju, Who Endures (V.1) (XNEO)",2025-07-25T08:51:39.483663,74.99,66.26,65.00
"Otawara, Soaring City (V.1) (XNEO)",2025-07-25T08:51:39.483663,41.95,49.27,38.00
Bojuka Bog (SLDE24),2025-07-25T08:51:39.483663,15.00,23.39,20.00
Six (V.1) (XMH3),2025-07-25T08:51:39.483663,14.99,19.25,14.00
Tireless Tracker (SPG),2025-07-25T08:51:39.483663,15.99,13.22,16.00
Beast Within (SLDOS),2025-07-25T08:51:39.483663,18.50,25.84,16.00
"Boseiju, Who Endures (V.1) (XNEO)",2025-07-25T09:06:37.468243,74.99,66.26,65.00
"Otawara, Soaring City (V.1) (XNEO)",2025-07-25T09:06:37.468243,41.95,49.27,38.00
Bojuka Bog (SLDE24),2025-07-25T09:06:37.468243,15.00,23.39,20.00
Six (V.1) (XMH3),2025-07-25T09:06:37.468243,14.99,19.25,14.00
Tireless Tracker (SPG),2025-07-25T09:06:37.468243,15.99,13.22,16.00
Beast Within (SLDOS),2025-07-25T09:06:37.468243,18.50,25.84,16.00
"Boseiju, Who Endures (V.1) (XNEO)",2025-07-25T09:21:37.382864,74.99,66.26,65.00
"Otawara, Soaring City (V.1) (XNEO)",2025-07-25T09:21:37.382864,41.95,49.27,38.00
Bojuka Bog (SLDE24),2025-07-25T09:21:37.382864,15.00,23.39,20.00
Six (V.1) (XMH3),2025-07-25T09:21:37.382864,14.99,19.25,14.00
Tireless Tracker (SPG),2025-07-25T09:21:37.382864,15.99,13.22,16.00
Beast Within (SLDOS),2025-07-25T09:21:37.382864,18.50,25.84,16.00
"Boseiju, Who Endures (V.1) (XNEO)",2025-07-25T09:36:37.353480,74.99,66.26,65.00
"Otawara, Soaring City (V.1) (XNEO)",2025-07-25T09:36:37.353480,41.95,49.27,38.00
Bojuka Bog (SLDE24),2025-07-25T09:36:37.353480,15.00,23.39,20.00
Six (V.1) (XMH3),2025-07-25T09:36:37.353480,14.99,19.25,14.00
Tireless Tracker (SPG),2025-07-25T09:36:37.353480,15.99,13.22,16.00
Beast Within (SLDOS),2025-07-25T09:36:37.353480,18.50,25.84,16.00
"Boseiju, Who Endures (V.1) (XNEO)",2025-07-25T09:51:36.895705,74.99,66.26,65.00
"Otawara, Soaring City (V.1) (XNEO)",2025-07-25T09:51:36.895705,41.95,49.27,38.00
Bojuka Bog (SLDE24),2025-07-25T09:51:36.895705,15.00,23.39,20.00
Six (V.1) (XMH3),2025-07-25T09:51:36.895705,14.99,19.25,14.00
Tireless Tracker (SPG),2025-07-25T09:51:36.895705,15.99,13.22,16.00
Beast Within (SLDOS),2025-07-25T09:51:36.895705,18.50,25.84,16.00
"Boseiju, Who Endures (V.1) (XNEO)",2025-07-25T10:06:37.632339,74.99,66.26,65.00
"Otawara, Soaring City (V.1) (XNEO)",2025-07-25T10:06:37.632339,41.95,49.27,38.00
Bojuka Bog (SLDE24),2025-07-25T10:06:37.632339,15.00,23.39,20.00
Six (V.1) (XMH3),2025-07-25T10:06:37.632339,14.99,19.25,14.00
Tireless Tracker (SPG),2025-07-25T10:06:37.632339,15.99,13.22,16.00
Beast Within (SLDOS),2025-07-25T10:06:37.632339,18.50,25.84,16.00
"Boseiju, Who Endures (V.1) (XNEO)",2025-07-25T10:21:37.476152,74.99,66.26,65.00
"Otawara, Soaring City (V.1) (XNEO)",2025-07-25T10:21:37.476152,41.95,49.27,38.00
Bojuka Bog (SLDE24),2025-07-25T10:21:37.476152,15.00,23.39,20.00
Six (V.1) (XMH3),2025-07-25T10:21:37.476152,14.99,19.25,14.00
Tireless Tracker (SPG),2025-07-25T10:21:37.476152,15.99,13.22,16.00
Beast Within (SLDOS),2025-07-25T10:21:37.476152,18.50,25.84,16.00
"Boseiju, Who Endures (V.1) (XNEO)",2025-07-25T10:36:37.500781,74.99,66.26,65.00
"Otawara, Soaring City (V.1) (XNEO)",2025-07-25T10:36:37.500781,41.95,49.27,38.00
Bojuka Bog (SLDE24),2025-07-25T10:36:37.500781,15.00,23.39,20.00
Six (V.1) (XMH3),2025-07-25T10:36:37.500781,14.99,19.25,14.00
Tireless Tracker (SPG),2025-07-25T10:36:37.500781,15.99,13.22,16.00
Beast Within (SLDOS),2025-07-25T10:36:37.500781,18.50,25.84,16.00
"Boseiju, Who Endures (V.1) (XNEO)",2025-07-25T10:51:36.982901,74.99,66.26,65.00
"Otawara, Soaring City (V.1) (XNEO)",2025-07-25T10:51:36.982901,41.95,49.27,38.00
Bojuka Bog (SLDE24),2025-07-25T10:51:36.982901,15.00,23.39,20.00
Six (V.1) (XMH3),2025-07-25T10:51:36.982901,14.99,19.25,14.00
Tireless Tracker (SPG),2025-07-25T10:51:36.982901,15.99,13.22,16.00
Beast Within (SLDOS),2025-07-25T10:51:36.982901,18.50,25.84,16.00
"Boseiju, Who Endures (V.1) (XNEO)",2025-07-25T11:06:41.257212,65.99,66.26,65.00
"Otawara, Soaring City (V.1) (XNEO)",2025-07-25T11:06:41.257212,41.99,49.27,38.00
Bojuka Bog (SLDE24),2025-07-25T11:06:41.257212,15.00,23.39,20.00
Six (V.1) (XMH3),2025-07-25T11:06:41.257212,14.99,19.25,14.00
Tireless Tracker (SPG),2025-07-25T11:06:41.257212,15.99,13.22,16.00
Beast Within (SLDOS),2025-07-25T11:06:41.257212,16.00,25.84,16.00
"Boseiju, Who Endures (V.1) (XNEO)",2025-07-25T11:21:37.413795,65.99,66.26,65.00
"Otawara, Soaring City (V.1) (XNEO)",2025-07-25T11:21:37.413795,41.99,49.27,38.00
Bojuka Bog (SLDE24),2025-07-25T11:21:37.413795,15.00,23.39,20.00
Six (V.1) (XMH3),2025-07-25T11:21:37.413795,14.99,19.25,14.00
Tireless Tracker (SPG),2025-07-25T11:21:37.413795,15.99,13.22,16.00
Beast Within (SLDOS),2025-07-25T11:21:37.413795,16.00,25.84,16.00
"Boseiju, Who Endures (V.1) (XNEO)",2025-07-25T11:36:37.324629,65.99,66.26,65.00
"Otawara, Soaring City (V.1) (XNEO)",2025-07-25T11:36:37.324629,41.99,49.27,38.00
Bojuka Bog (SLDE24),2025-07-25T11:36:37.324629,15.00,23.39,20.00
Six (V.1) (XMH3),2025-07-25T11:36:37.324629,14.99,19.25,14.00
Tireless Tracker (SPG),2025-07-25T11:36:37.324629,15.99,13.22,16.00
Beast Within (SLDOS),2025-07-25T11:36:37.324629,16.00,25.84,16.00
"Boseiju, Who Endures (V.1) (XNEO)",2025-07-25T11:51:37.578318,65.99,66.26,65.00
"Otawara, Soaring City (V.1) (XNEO)",2025-07-25T11:51:37.578318,41.99,49.27,38.00
Bojuka Bog (SLDE24),2025-07-25T11:51:37.578318,15.00,23.39,20.00
Six (V.1) (XMH3),2025-07-25T11:51:37.578318,14.99,19.25,14.00
Tireless Tracker (SPG),2025-07-25T11:51:37.578318,15.99,13.22,16.00
Beast Within (SLDOS),2025-07-25T11:51:37.578318,16.00,25.84,16.00
"Boseiju, Who Endures (V.1) (XNEO)",2025-07-25T12:06:37.040672,65.99,66.26,65.00
"Otawara, Soaring City (V.1) (XNEO)",2025-07-25T12:06:37.040672,41.99,49.27,38.00
Bojuka Bog (SLDE24),2025-07-25T12:06:37.040672,15.00,23.39,20.00
Six (V.1) (XMH3),2025-07-25T12:06:37.040672,14.99,19.25,14.00
Tireless Tracker (SPG),2025-07-25T12:06:37.040672,15.99,13.22,16.00
Beast Within (SLDOS),2025-07-25T12:06:37.040672,16.00,25.84,16.00
"Boseiju, Who Endures (V.1) (XNEO)",2025-07-25T12:21:37.391244,65.99,66.26,65.00
"Otawara, Soaring City (V.1) (XNEO)",2025-07-25T12:21:37.391244,41.99,49.27,38.00
Bojuka Bog (SLDE24),2025-07-25T12:21:37.391244,15.00,23.39,20.00
Six (V.1) (XMH3),2025-07-25T12:21:37.391244,14.99,19.25,14.00
Tireless Tracker (SPG),2025-07-25T12:21:37.391244,15.99,13.22,16.00
Beast Within (SLDOS),2025-07-25T12:21:37.391244,16.00,25.84,16.00
"Boseiju, Who Endures (V.1) (XNEO)",2025-07-25T12:36:36.880659,65.99,66.26,65.00
"Otawara, Soaring City (V.1) (XNEO)",2025-07-25T12:36:36.880659,41.99,49.27,38.00
Bojuka Bog (SLDE24),2025-07-25T12:36:36.880659,15.00,23.39,20.00
Six (V.1) (XMH3),2025-07-25T12:36:36.880659,14.99,19.25,14.00
Tireless Tracker (SPG),2025-07-25T12:36:36.880659,15.99,13.22,16.00
Beast Within (SLDOS),2025-07-25T12:36:36.880659,16.00,25.84,16.00
"Boseiju, Who Endures (V.1) (XNEO)",2025-07-25T12:51:37.471081,65.99,66.26,65.00
"Otawara, Soaring City (V.1) (XNEO)",2025-07-25T12:51:37.471081,41.99,49.27,38.00
Bojuka Bog (SLDE24),2025-07-25T12:51:37.471081,15.00,23.39,20.00
Six (V.1) (XMH3),2025-07-25T12:51:37.471081,14.99,19.25,14.00
Tireless Tracker (SPG),2025-07-25T12:51:37.471081,15.99,13.22,16.00
Beast Within (SLDOS),2025-07-25T12:51:37.471081,16.00,25.84,16.00
"Boseiju, Who Endures (V.1) (XNEO)",2025-07-25T13:06:37.247278,65.99,66.26,65.00
"Otawara, Soaring City (V.1) (XNEO)",2025-07-25T13:06:37.247278,41.99,49.27,38.00
Bojuka Bog (SLDE24),2025-07-25T13:06:37.247278,15.00,23.39,20.00
Six (V.1) (XMH3),2025-07-25T13:06:37.247278,14.99,19.25,14.00
Tireless Tracker (SPG),2025-07-25T13:06:37.247278,15.99,13.22,16.00
Beast Within (SLDOS),2025-07-25T13:06:37.247278,16.00,25.84,16.00
"Boseiju, Who Endures (V.1) (XNEO)",2025-07-25T13:21:37.482357,65.99,66.26,65.00
"Otawara, Soaring City (V.1) (XNEO)",2025-07-25T13:21:37.482357,41.99,49.27,38.00
Bojuka Bog (SLDE24),2025-07-25T13:21:37.482357,15.00,23.39,20.00
Six (V.1) (XMH3),2025-07-25T13:21:37.482357,14.99,19.25,14.00
Tireless Tracker (SPG),2025-07-25T13:21:37.482357,15.99,13.22,16.00
Beast Within (SLDOS),2025-07-25T13:21:37.482357,16.00,25.84,16.00
"Boseiju, Who Endures (V.1) (XNEO)",2025-07-25T13:36:37.268834,74.99,66.26,65.00
"Otawara, Soaring City (V.1) (XNEO)",2025-07-25T13:36:37.268834,41.99,49.27,38.00
Bojuka Bog (SLDE24),2025-07-25T13:36:37.268834,15.00,23.39,20.00
Six (V.1) (XMH3),2025-07-25T13:36:37.268834,14.99,19.25,14.00
Tireless Tracker (SPG),2025-07-25T13:36:37.268834,16.51,13.22,16.00
Beast Within (SLDOS),2025-07-25T13:36:37.268834,16.00,25.84,16.00
"Boseiju, Who Endures (V.1) (XNEO)",2025-07-25T13:51:38.118324,74.99,66.26,65.00
"Otawara, Soaring City (V.1) (XNEO)",2025-07-25T13:51:38.118324,41.99,49.27,38.00
Bojuka Bog (SLDE24),2025-07-25T13:51:38.118324,15.00,23.39,20.00
Six (V.1) (XMH3),2025-07-25T13:51:38.118324,14.99,19.25,14.00
Tireless Tracker (SPG),2025-07-25T13:51:38.118324,16.51,13.22,16.00
Beast Within (SLDOS),2025-07-25T13:51:38.118324,16.00,25.84,16.00
"Boseiju, Who Endures (V.1) (XNEO)",2025-07-25T14:06:37.410656,74.99,66.26,65.00
"Otawara, Soaring City (V.1) (XNEO)",2025-07-25T14:06:37.410656,41.99,49.27,38.00
Bojuka Bog (SLDE24),2025-07-25T14:06:37.410656,15.00,23.39,20.00
Six (V.1) (XMH3),2025-07-25T14:06:37.410656,14.99,19.25,14.00
Tireless Tracker (SPG),2025-07-25T14:06:37.410656,16.51,13.22,16.00
Beast Within (SLDOS),2025-07-25T14:06:37.410656,16.00,25.84,16.00
"Boseiju, Who Endures (V.1) (XNEO)",2025-07-25T14:21:37.618963,74.99,66.26,65.00
"Otawara, Soaring City (V.1) (XNEO)",2025-07-25T14:21:37.618963,41.99,49.27,38.00
Bojuka Bog (SLDE24),2025-07-25T14:21:37.618963,15.00,23.39,20.00
Six (V.1) (XMH3),2025-07-25T14:21:37.618963,14.99,19.25,14.00
Tireless Tracker (SPG),2025-07-25T14:21:37.618963,16.51,13.22,16.00
Beast Within (SLDOS),2025-07-25T14:21:37.618963,16.00,25.84,16.00
"Boseiju, Who Endures (V.1) (XNEO)",2025-07-25T14:36:37.176646,74.99,66.26,65.00
"Otawara, Soaring City (V.1) (XNEO)",2025-07-25T14:36:37.176646,41.99,49.27,38.00
Bojuka Bog (SLDE24),2025-07-25T14:36:37.176646,15.00,23.39,20.00
Six (V.1) (XMH3),2025-07-25T14:36:37.176646,14.99,19.25,14.00
Tireless Tracker (SPG),2025-07-25T14:36:37.176646,16.51,13.22,16.00
Beast Within (SLDOS),2025-07-25T14:36:37.176646,16.00,25.84,16.00
"Boseiju, Who Endures (V.1) (XNEO)",2025-07-25T14:51:37.942617,74.99,66.26,65.00
"Otawara, Soaring City (V.1) (XNEO)",2025-07-25T14:51:37.942617,41.99,49.27,38.00
Bojuka Bog (SLDE24),2025-07-25T14:51:37.942617,15.00,23.39,20.00
Six (V.1) (XMH3),2025-07-25T14:51:37.942617,14.99,19.25,14.00
Tireless Tracker (SPG),2025-07-25T14:51:37.942617,16.51,13.22,16.00
Beast Within (SLDOS),2025-07-25T14:51:37.942617,16.00,25.84,16.00
"Boseiju, Who Endures (V.1) (XNEO)",2025-07-25T15:06:37.434592,74.99,66.26,65.00
"Otawara, Soaring City (V.1) (XNEO)",2025-07-25T15:06:37.434592,41.99,49.27,38.00
Bojuka Bog (SLDE24),2025-07-25T15:06:37.434592,15.00,23.39,20.00
Six (V.1) (XMH3),2025-07-25T15:06:37.434592,14.99,19.25,14.00
Tireless Tracker (SPG),2025-07-25T15:06:37.434592,16.51,13.22,16.00
Beast Within (SLDOS),2025-07-25T15:06:37.434592,16.00,25.84,16.00
"Boseiju, Who Endures (V.1) (XNEO)",2025-07-25T15:21:37.734705,74.99,66.26,65.00
"Otawara, Soaring City (V.1) (XNEO)",2025-07-25T15:21:37.734705,41.99,49.27,38.00
Bojuka Bog (SLDE24),2025-07-25T15:21:37.734705,15.00,23.39,20.00
Six (V.1) (XMH3),2025-07-25T15:21:37.734705,14.99,19.25,14.00
Tireless Tracker (SPG),2025-07-25T15:21:37.734705,15.99,13.22,16.00
Beast Within (SLDOS),2025-07-25T15:21:37.734705,16.00,25.84,16.00
"Boseiju, Who Endures (V.1) (XNEO)",2025-07-25T15:36:37.986368,74.99,66.26,65.00
"Otawara, Soaring City (V.1) (XNEO)",2025-07-25T15:36:37.986368,41.99,49.27,38.00
Bojuka Bog (SLDE24),2025-07-25T15:36:37.986368,15.00,23.39,20.00
Six (V.1) (XMH3),2025-07-25T15:36:37.986368,14.99,19.25,14.00
Tireless Tracker (SPG),2025-07-25T15:36:37.986368,15.99,13.22,16.00
Beast Within (SLDOS),2025-07-25T15:36:37.986368,16.00,25.84,16.00
"Boseiju, Who Endures (V.1) (XNEO)",2025-07-25T15:51:37.737214,74.99,66.26,65.00
"Otawara, Soaring City (V.1) (XNEO)",2025-07-25T15:51:37.737214,41.99,49.27,38.00
Bojuka Bog (SLDE24),2025-07-25T15:51:37.737214,15.00,23.39,20.00
Six (V.1) (XMH3),2025-07-25T15:51:37.737214,14.99,19.25,14.00
Tireless Tracker (SPG),2025-07-25T15:51:37.737214,15.99,13.22,16.00
Beast Within (SLDOS),2025-07-25T15:51:37.737214,16.00,25.84,16.00
"Boseiju, Who Endures (V.1) (XNEO)",2025-07-25T16:06:37.903319,74.99,66.26,65.00
Bojuka Bog (SLDE24),2025-07-25T16:06:37.903319,15.00,23.39,20.00
Six (V.1) (XMH3),2025-07-25T16:06:37.903319,14.99,19.25,14.00
Tireless Tracker (SPG),2025-07-25T16:06:37.903319,15.99,13.22,16.00
Beast Within (SLDOS),2025-07-25T16:06:37.903319,16.00,25.84,16.00
"Boseiju, Who Endures (V.1) (XNEO)",2025-07-25T16:21:37.088239,74.99,66.26,65.00
"Otawara, Soaring City (V.1) (XNEO)",2025-07-25T16:21:37.088239,41.99,49.27,38.00
Bojuka Bog (SLDE24),2025-07-25T16:21:37.088239,15.00,23.39,20.00
Six (V.1) (XMH3),2025-07-25T16:21:37.088239,14.99,19.25,14.00
Tireless Tracker (SPG),2025-07-25T16:21:37.088239,15.99,13.22,16.00
Beast Within (SLDOS),2025-07-25T16:21:37.088239,16.00,25.84,16.00
"Boseiju, Who Endures (V.1) (XNEO)",2025-07-25T16:36:36.980379,74.99,66.26,65.00
"Otawara, Soaring City (V.1) (XNEO)",2025-07-25T16:36:36.980379,41.99,49.27,38.00
Bojuka Bog (SLDE24),2025-07-25T16:36:36.980379,15.00,23.39,20.00
Six (V.1) (XMH3),2025-07-25T16:36:36.980379,14.99,19.25,14.00
Tireless Tracker (SPG),2025-07-25T16:36:36.980379,15.99,13.22,16.00
Beast Within (SLDOS),2025-07-25T16:36:36.980379,16.00,25.84,16.00
"Boseiju, Who Endures (V.1) (XNEO)",2025-07-25T16:51:36.840236,74.99,66.26,65.00
"Otawara, Soaring City (V.1) (XNEO)",2025-07-25T16:51:36.840236,41.99,49.27,38.00
Bojuka Bog (SLDE24),2025-07-25T16:51:36.840236,15.00,23.39,20.00
Six (V.1) (XMH3),2025-07-25T16:51:36.840236,14.99,19.25,14.00
Tireless Tracker (SPG),2025-07-25T16:51:36.840236,15.99,13.22,16.00
Beast Within (SLDOS),2025-07-25T16:51:36.840236,16.00,25.84,16.00
"Boseiju, Who Endures (V.1) (XNEO)",2025-07-25T17:06:37.004202,74.99,66.26,65.00
"Otawara, Soaring City (V.1) (XNEO)",2025-07-25T17:06:37.004202,41.99,49.27,38.00
Bojuka Bog (SLDE24),2025-07-25T17:06:37.004202,15.00,23.39,20.00
Six (V.1) (XMH3),2025-07-25T17:06:37.004202,14.99,19.25,14.00
Tireless Tracker (SPG),2025-07-25T17:06:37.004202,15.99,13.22,16.00
Beast Within (SLDOS),2025-07-25T17:06:37.004202,16.00,25.84,16.00
"Boseiju, Who Endures (V.1) (XNEO)",2025-07-25T17:21:37.477033,74.99,66.26,65.00
"Otawara, Soaring City (V.1) (XNEO)",2025-07-25T17:21:37.477033,41.99,49.27,38.00
Bojuka Bog (SLDE24),2025-07-25T17:21:37.477033,15.00,23.39,20.00
Six (V.1) (XMH3),2025-07-25T17:21:37.477033,14.99,19.25,14.00
Tireless Tracker (SPG),2025-07-25T17:21:37.477033,15.99,13.22,16.00
Beast Within (SLDOS),2025-07-25T17:21:37.477033,16.00,25.84,16.00
"Boseiju, Who Endures (V.1) (XNEO)",2025-07-25T17:36:37.430786,74.99,66.26,65.00
"Otawara, Soaring City (V.1) (XNEO)",2025-07-25T17:36:37.430786,41.99,49.27,38.00
Bojuka Bog (SLDE24),2025-07-25T17:36:37.430786,15.00,23.39,20.00
Six (V.1) (XMH3),2025-07-25T17:36:37.430786,14.99,19.25,14.00
Tireless Tracker (SPG),2025-07-25T17:36:37.430786,15.99,13.22,16.00
Beast Within (SLDOS),2025-07-25T17:36:37.430786,16.00,25.84,16.00
"Boseiju, Who Endures (V.1) (XNEO)",2025-07-25T17:51:36.981290,74.99,66.26,65.00
"Otawara, Soaring City (V.1) (XNEO)",2025-07-25T17:51:36.981290,41.99,49.27,38.00
Bojuka Bog (SLDE24),2025-07-25T17:51:36.981290,15.00,23.39,20.00
Six (V.1) (XMH3),2025-07-25T17:51:36.981290,14.99,19.25,14.00
Tireless Tracker (SPG),2025-07-25T17:51:36.981290,15.99,13.22,16.00
Beast Within (SLDOS),2025-07-25T17:51:36.981290,16.00,25.84,16.00
"Boseiju, Who Endures (V.1) (XNEO)",2025-07-25T18:06:37.035688,74.99,66.26,65.00
"Otawara, Soaring City (V.1) (XNEO)",2025-07-25T18:06:37.035688,41.99,49.27,38.00
Bojuka Bog (SLDE24),2025-07-25T18:06:37.035688,15.00,23.39,20.00
Six (V.1) (XMH3),2025-07-25T18:06:37.035688,14.99,19.25,14.00
Tireless Tracker (SPG),2025-07-25T18:06:37.035688,15.99,13.22,16.00
Beast Within (SLDOS),2025-07-25T18:06:37.035688,16.00,25.84,16.00
"Boseiju, Who Endures (V.1) (XNEO)",2025-07-25T18:21:36.775243,74.99,66.26,65.00
"Otawara, Soaring City (V.1) (XNEO)",2025-07-25T18:21:36.775243,41.99,49.27,38.00
Bojuka Bog (SLDE24),2025-07-25T18:21:36.775243,15.00,23.39,20.00
Six (V.1) (XMH3),2025-07-25T18:21:36.775243,14.99,19.25,14.00
Tireless Tracker (SPG),2025-07-25T18:21:36.775243,15.99,13.22,16.00
Beast Within (SLDOS),2025-07-25T18:21:36.775243,16.00,25.84,16.00
"Boseiju, Who Endures (V.1) (XNEO)",2025-07-25T18:36:37.297540,74.99,66.26,65.00
"Otawara, Soaring City (V.1) (XNEO)",2025-07-25T18:36:37.297540,41.99,49.27,38.00
Bojuka Bog (SLDE24),2025-07-25T18:36:37.297540,15.00,23.39,20.00
Six (V.1) (XMH3),2025-07-25T18:36:37.297540,14.99,19.25,14.00
Tireless Tracker (SPG),2025-07-25T18:36:37.297540,15.99,13.22,16.00
Beast Within (SLDOS),2025-07-25T18:36:37.297540,16.00,25.84,16.00
"Boseiju, Who Endures (V.1) (XNEO)",2025-07-25T18:51:37.480416,74.99,66.26,65.00
"Otawara, Soaring City (V.1) (XNEO)",2025-07-25T18:51:37.480416,41.99,49.27,38.00
Bojuka Bog (SLDE24),2025-07-25T18:51:37.480416,15.00,23.39,20.00
Six (V.1) (XMH3),2025-07-25T18:51:37.480416,14.99,19.25,14.00
Tireless Tracker (SPG),2025-07-25T18:51:37.480416,15.99,13.22,16.00
Beast Within (SLDOS),2025-07-25T18:51:37.480416,16.00,25.84,16.00
"Boseiju, Who Endures (V.1) (XNEO)",2025-07-25T19:06:42.623320,74.99,66.26,65.00
"Otawara, Soaring City (V.1) (XNEO)",2025-07-25T19:06:42.623320,41.99,49.27,38.00
Bojuka Bog (SLDE24),2025-07-25T19:06:42.623320,15.00,23.39,20.00
Six (V.1) (XMH3),2025-07-25T19:06:42.623320,14.99,19.25,14.00
Tireless Tracker (SPG),2025-07-25T19:06:42.623320,15.99,13.22,16.00
Beast Within (SLDOS),2025-07-25T19:06:42.623320,16.00,25.84,16.00
"Boseiju, Who Endures (V.1) (XNEO)",2025-07-25T19:21:37.349194,74.99,66.26,65.00
"Otawara, Soaring City (V.1) (XNEO)",2025-07-25T19:21:37.349194,41.99,49.27,38.00
Bojuka Bog (SLDE24),2025-07-25T19:21:37.349194,15.00,23.39,20.00
Six (V.1) (XMH3),2025-07-25T19:21:37.349194,14.99,19.25,14.00
Tireless Tracker (SPG),2025-07-25T19:21:37.349194,15.99,13.22,16.00
Beast Within (SLDOS),2025-07-25T19:21:37.349194,16.00,25.84,16.00
"Boseiju, Who Endures (V.1) (XNEO)",2025-07-25T19:36:37.173970,74.99,66.26,65.00
"Otawara, Soaring City (V.1) (XNEO)",2025-07-25T19:36:37.173970,41.99,49.27,38.00
Bojuka Bog (SLDE24),2025-07-25T19:36:37.173970,15.00,23.39,20.00
Six (V.1) (XMH3),2025-07-25T19:36:37.173970,14.99,19.25,14.00
Tireless Tracker (SPG),2025-07-25T19:36:37.173970,15.99,13.22,16.00
Beast Within (SLDOS),2025-07-25T19:36:37.173970,16.00,25.84,16.00
"Boseiju, Who Endures (V.1) (XNEO)",2025-07-25T19:51:37.625430,65.99,66.26,65.00
"Otawara, Soaring City (V.1) (XNEO)",2025-07-25T19:51:37.625430,41.99,49.27,38.00
Bojuka Bog (SLDE24),2025-07-25T19:51:37.625430,15.00,23.39,20.00
Six (V.1) (XMH3),2025-07-25T19:51:37.625430,14.95,19.25,14.00
Tireless Tracker (SPG),2025-07-25T19:51:37.625430,15.99,13.22,16.00
Beast Within (SLDOS),2025-07-25T19:51:37.625430,16.00,25.84,16.00
"Boseiju, Who Endures (V.1) (XNEO)",2025-07-25T20:06:37.762935,74.99,66.26,65.00
"Otawara, Soaring City (V.1) (XNEO)",2025-07-25T20:06:37.762935,41.99,49.27,38.00
Bojuka Bog (SLDE24),2025-07-25T20:06:37.762935,15.00,23.39,20.00
Six (V.1) (XMH3),2025-07-25T20:06:37.762935,14.95,19.25,14.00
Tireless Tracker (SPG),2025-07-25T20:06:37.762935,15.99,13.22,16.00
Beast Within (SLDOS),2025-07-25T20:06:37.762935,16.00,25.84,16.00
"Boseiju, Who Endures (V.1) (XNEO)",2025-07-25T20:21:36.712690,74.99,66.26,65.00
"Otawara, Soaring City (V.1) (XNEO)",2025-07-25T20:21:36.712690,41.99,49.27,38.00
Bojuka Bog (SLDE24),2025-07-25T20:21:36.712690,15.00,23.39,20.00
Six (V.1) (XMH3),2025-07-25T20:21:36.712690,14.95,19.25,14.00
Tireless Tracker (SPG),2025-07-25T20:21:36.712690,15.99,13.22,16.00
Beast Within (SLDOS),2025-07-25T20:21:36.712690,16.00,25.84,16.00
"Boseiju, Who Endures (V.1) (XNEO)",2025-07-25T20:36:36.542744,74.99,66.26,65.00
"Otawara, Soaring City (V.1) (XNEO)",2025-07-25T20:36:36.542744,41.99,49.27,38.00
Bojuka Bog (SLDE24),2025-07-25T20:36:36.542744,15.00,23.39,20.00
Six (V.1) (XMH3),2025-07-25T20:36:36.542744,14.95,19.25,14.00
Tireless Tracker (SPG),2025-07-25T20:36:36.542744,15.99,13.22,16.00
Beast Within (SLDOS),2025-07-25T20:36:36.542744,16.00,25.84,16.00
"Boseiju, Who Endures (V.1) (XNEO)",2025-07-25T20:51:36.687865,74.99,66.26,65.00
"Otawara, Soaring City (V.1) (XNEO)",2025-07-25T20:51:36.687865,41.99,49.27,38.00
Bojuka Bog (SLDE24),2025-07-25T20:51:36.687865,15.00,23.39,20.00
Six (V.1) (XMH3),2025-07-25T20:51:36.687865,14.95,19.25,14.00
Tireless Tracker (SPG),2025-07-25T20:51:36.687865,15.99,13.22,16.00
Beast Within (SLDOS),2025-07-25T20:51:36.687865,16.00,25.84,16.00
"Boseiju, Who Endures (V.1) (XNEO)",2025-07-25T21:06:36.633119,74.99,66.26,65.00
"Otawara, Soaring City (V.1) (XNEO)",2025-07-25T21:06:36.633119,41.99,49.27,38.00
Bojuka Bog (SLDE24),2025-07-25T21:06:36.633119,15.00,23.39,20.00
Six (V.1) (XMH3),2025-07-25T21:06:36.633119,14.95,19.25,14.00
Tireless Tracker (SPG),2025-07-25T21:06:36.633119,15.99,13.22,16.00
Beast Within (SLDOS),2025-07-25T21:06:36.633119,16.00,25.84,16.00
"Boseiju, Who Endures (V.1) (XNEO)",2025-07-25T21:21:36.358160,74.99,66.26,65.00
"Otawara, Soaring City (V.1) (XNEO)",2025-07-25T21:21:36.358160,41.99,49.27,38.00
Bojuka Bog (SLDE24),2025-07-25T21:21:36.358160,15.00,23.39,20.00
Six (V.1) (XMH3),2025-07-25T21:21:36.358160,14.95,19.25,14.00
Tireless Tracker (SPG),2025-07-25T21:21:36.358160,15.99,13.22,16.00
Beast Within (SLDOS),2025-07-25T21:21:36.358160,16.00,25.84,16.00
"Boseiju, Who Endures (V.1) (XNEO)",2025-07-25T21:36:36.157078,74.99,66.26,65.00
"Otawara, Soaring City (V.1) (XNEO)",2025-07-25T21:36:36.157078,41.99,49.27,38.00
Bojuka Bog (SLDE24),2025-07-25T21:36:36.157078,15.00,23.39,20.00
Six (V.1) (XMH3),2025-07-25T21:36:36.157078,14.95,19.25,14.00
Tireless Tracker (SPG),2025-07-25T21:36:36.157078,15.99,13.22,16.00
Beast Within (SLDOS),2025-07-25T21:36:36.157078,16.00,25.84,16.00
"Boseiju, Who Endures (V.1) (XNEO)",2025-07-25T21:51:36.543073,74.99,66.26,65.00
"Otawara, Soaring City (V.1) (XNEO)",2025-07-25T21:51:36.543073,41.99,49.27,38.00
Bojuka Bog (SLDE24),2025-07-25T21:51:36.543073,15.00,23.39,20.00
Six (V.1) (XMH3),2025-07-25T21:51:36.543073,14.95,19.25,14.00
Tireless Tracker (SPG),2025-07-25T21:51:36.543073,15.99,13.22,16.00
Beast Within (SLDOS),2025-07-25T21:51:36.543073,16.00,25.84,16.00
"Boseiju, Who Endures (V.1) (XNEO)",2025-07-25T22:06:36.570203,74.99,66.26,65.00
"Otawara, Soaring City (V.1) (XNEO)",2025-07-25T22:06:36.570203,41.99,49.27,38.00
Bojuka Bog (SLDE24),2025-07-25T22:06:36.570203,15.00,23.39,20.00
Six (V.1) (XMH3),2025-07-25T22:06:36.570203,14.95,19.25,14.00
Tireless Tracker (SPG),2025-07-25T22:06:36.570203,15.99,13.22,16.00
Beast Within (SLDOS),2025-07-25T22:06:36.570203,16.00,25.84,16.00
